{
  "list": [
    {
      "id": 1,
      "libelle": "Faire le projet d'angular",
      "statut": "En cours",
      "user": "admin"
    },
    {
      "libelle": "Lire le cours sur JavaFx",
      "statut": "En cours",
      "user": "law",
      "id": 2
    },
    {
      "id": 3,
      "libelle": "Faire un dépôt FreeMoney",
      "statut": "En attente",
      "user": "admin"
    },
    {
      "id": 4,
      "libelle": "Faire le projet de java",
      "statut": "Terminé",
      "user": "marshall"
    },
    {
      "id": 5,
      "libelle": "Remplir ma bouteille",
      "statut": "En attente",
      "user": "luke"
    },
    {
      "libelle": "Okay I think I know what was the problem !",
      "statut": "En cours",
      "user": "admin",
      "id": 6
    },
    {
      "libelle": "It Works !!!!!",
      "statut": "Terminé",
      "user": "admin",
      "id": 8
    },
    {
      "id": 9,
      "libelle": "Terminer le projet surprise !",
      "statut": "En attente",
      "user": "marshall"
    },
    {
      "id": 10,
      "libelle": "Rendre visite à DarkVador",
      "statut": "En attente",
      "user": "luke"
    },
    {
      "id": 11,
      "libelle": "Envoyer le projet",
      "statut": "En attente",
      "user": "law"
    },
    {
      "id": 12,
      "libelle": "Charger mes écouteurs",
      "statut": "En attente",
      "user": "law"
    }
  ]
}